{
    "accuracy": 0.925,
    "precision": 0.9265776299936823,
    "recall": 0.9250000000000002,
    "f1": 0.9247861745357199
}